{"type": "block", "layer": 0, "block": 176, "features": [{"geom": {"lines": [[-2099.6606789212674, 1377.0330846756697, 5150.2716064453125, -2077.886586521752, 1341.2785283355042, 5155.3070068359375, -2046.327510882169, 1289.4622078025714, 5160.734710693359, -2034.950658923015, 1270.778344125487, 5162.147369384766, -1903.4044166523963, 1054.7527666734532, 5157.570648193359, -1808.170592278242, 898.3569570695981, 5130.234375, -1721.6196881867945, 756.2282616337761, 5080.858612060547, -1535.871985848993, 451.1880953479558, 4921.9024658203125]]}, "mtl": {"idx": 0}}, {"geom": {"lines": [[-2080.1018443880603, 905.9841615119949, 5098.045349121094, -2057.92700182274, 919.3867907207459, 5102.801055908203, -2017.373311326839, 917.4066471029073, 5107.985687255859, -1930.1878861375153, 912.0345932682976, 5118.506927490234, -1853.6000764714554, 914.3080900162458, 5129.203033447266]]}, "mtl": {"idx": 0}}, {"geom": {"lines": [[-1752.6666941689327, 891.2247940870002, 5134.501190185547, -1764.2439212119207, 912.804648546502, 5140.553741455078, -1814.7829700317234, 999.3263298645616, 5160.637664794922, -1880.9846712071449, 1114.5250063659623, 5178.476257324219, -1909.471328901127, 1164.0849647093564, 5182.9705810546875, -1955.3349591074511, 1237.2795139234513, 5184.777374267578, -1977.821496247314, 1273.180290799588, 5184.004211425781, -1990.2670153183863, 1312.9133602650836, 5186.8853759765625, -1989.9664526935667, 1401.0162301724777, 5198.060760498047, -1990.64550158754, 1501.350166301243, 5176.80908203125, -1977.0533917602152, 1587.9515366367996, 5162.795104980469]]}, "mtl": {"idx": 0}}, {"geom": {"lines": [[-1936.8002638900653, 1611.9353123540059, 5168.85498046875, -1977.866024043411, 1577.53658601176, 5164.828033447266, -1978.4003575993702, 1400.9428871106356, 5203.187255859375, -1977.3428224371746, 1307.2110017985106, 5190.956268310547, -1964.3518378613517, 1270.8150150608271, 5188.575897216797, -1946.7633583163843, 1244.4119843924418, 5189.357757568359, -1874.5949324350804, 1122.2074216008186, 5182.254638671875, -1804.0183752728626, 1003.9650477459654, 5164.1546630859375, -1750.317852913402, 920.4685360537842, 5145.092468261719, -1745.3641355726868, 911.8512467835099, 5141.115417480469, -1693.5003848131746, 904.8290796047077, 5124.861602783203, -1328.1609479775652, 935.576316584833, 5035.374298095703, -1169.6753889359534, 951.0691550355405, 5024.140777587891, -1186.4401042489335, 1201.378897617571, 5081.483917236328, -1194.466239536181, 1354.131814613007, 5116.689605712891, -1208.5592870702967, 1492.8972771745175, 5097.215423583984, -1219.991798773408, 1637.239373599179, 5059.675598144531, -1232.9271236043423, 1800.745872138068, 5016.477813720703, -1242.2779608312994, 1938.7305653765798, 4979.5111083984375, -1248.2558174869046, 2025.7767475619912, 4955.963287353516, -1249.5359916314483, 2044.370682593435, 4950.9100341796875, -1266.1782555039972, 2049.04667895101, 4948.863372802734, -1339.092521974817, 2040.2081312658265, 4962.274932861328, -1356.0130845746025, 2035.8805471528322, 4967.300262451172, -1374.2249532686546, 2024.5298185497522, 4974.740295410156, -1425.4541829321533, 1991.724652777426, 4996.505126953125, -1560.1173709435388, 1903.5969619052485, 5058.440093994141, -1712.7363928211853, 1795.8866537548602, 5138.923645019531, -1788.9234523205087, 1739.208214336075, 5164.291534423828, -1792.062661960721, 1736.7694551376626, 5164.591827392578, -1901.2114226836711, 1642.6302491296083, 5170.359191894531, -1936.8002638900653, 1611.9353123540059, 5168.85498046875]]}, "mtl": {"idx": 0}}, {"geom": {"lines": [[-1955.3349591074511, 1237.2795139234513, 5184.777374267578, -1946.7633583163843, 1244.4119843924418, 5189.357757568359, -1897.0035459315404, 1285.7767709931359, 5217.573394775391, -1875.4966203104705, 1303.6539056431502, 5230.631103515625, -1845.696392624639, 1328.4252626383677, 5249.585266113281, -1813.8144904626533, 1354.938583623618, 5270.973815917969, -1778.9714898439124, 1383.9089791532606, 5295.656433105469, -1748.3029701299965, 1386.420974072069, 5309.497833251953, -1667.7521865926683, 1393.0585118737072, 5275.970306396484, -1564.269587950781, 1401.5846389262006, 5233.0316162109375, -1558.0356964664534, 1389.6113921087235, 5234.756011962891, -1513.318657014519, 1394.3053427906707, 5215.873718261719, -1502.943680472672, 1395.3688163720071, 5211.5167236328125, -1451.9816175876185, 1400.539500282146, 5190.211944580078]]}, "mtl": {"idx": 0}}, {"geom": {"lines": [[-1238.6378134824336, 2088.9119506645948, 4939.530029296875, -1307.5223143845797, 2083.2090408718213, 4943.204040527344, -1355.8906331351027, 2071.8765826374292, 4956.735992431641, -1380.2696016179398, 2059.9756849827245, 4965.511779785156, -1395.6205593990162, 2052.4757446777076, 4971.115264892578, -1451.1133255595341, 2022.6777625782415, 4992.710723876953, -1478.3309410586953, 2003.5704378075898, 5005.063934326172, -1600.0254083937034, 1911.9952727556229, 5065.709381103516, -1603.331597270444, 1909.7214934043586, 5067.359619140625, -1736.0912219891325, 1818.4774600230157, 5136.765289306641, -1917.4306724919006, 1665.2022876888514, 5160.206451416016, -1938.1583616780117, 1647.6727380212396, 5159.581604003906]]}, "mtl": {"idx": 0}}, {"geom": {"lines": [[-1918.376888164319, 1024.1700873253867, 5146.850738525391, -1927.916968524456, 1012.2890778556466, 5142.111968994141, -1930.1878861375153, 912.0345932682976, 5118.506927490234]]}, "mtl": {"idx": 0}}, {"geom": {"lines": [[-1927.7945170849562, 1039.6447618333623, 5148.498229980469, -1903.4044166523963, 1054.7527666734532, 5157.570648193359]]}, "mtl": {"idx": 0}}, {"geom": {"lines": [[-1926.603398533538, 1675.7823796030134, 5155.274505615234, -1917.4306724919006, 1665.2022876888514, 5160.206451416016, -1905.1410007085651, 1648.094473598525, 5167.8497314453125, -1901.2114226836711, 1642.6302491296083, 5170.359191894531]]}, "mtl": {"idx": 0}}, {"geom": {"lines": [[-1916.0391788575798, 1418.820278258063, 5225.994873046875, -1913.3118513328955, 1302.7737996196374, 5215.423736572266, -1897.0035459315404, 1285.7767709931359, 5217.573394775391]]}, "mtl": {"idx": 0}}, {"geom": {"lines": [[-1902.1019786102697, 1569.4686758043244, 5190.342864990234, -1890.2241889424622, 1579.3518669279292, 5191.246490478516, -1767.1159640736878, 1681.7967188302428, 5190.073699951172]]}, "mtl": {"idx": 0}}, {"geom": {"lines": [[-1898.9293731227517, 1436.1292979856953, 5228.498840332031, -1888.3540214970708, 1316.2871048031375, 5228.808288574219, -1875.4966203104705, 1303.6539056431502, 5230.631103515625]]}, "mtl": {"idx": 0}}, {"geom": {"lines": [[-1899.0852204095572, 1445.0955315660685, 5225.936279296875, -1836.7017777692527, 1510.0964405555278, 5230.207214355469]]}, "mtl": {"idx": 0}}, {"geom": {"lines": [[-1897.0035459315404, 1285.7767709931359, 5217.573394775391, -1894.3764059497043, 1222.739561619237, 5202.4969482421875]]}, "mtl": {"idx": 0}}, {"geom": {"lines": [[-1851.7633048733696, 1149.6551561392844, 5196.298370361328, -1876.6432110657915, 1159.372813442722, 5191.625061035156, -1886.00518024154, 1175.966198864393, 5193.156280517578, -1892.573030197993, 1202.8457225132734, 5198.012237548828]]}, "mtl": {"idx": 0}}, {"geom": {"lines": [[-1890.2241889424622, 1579.3518669279292, 5191.246490478516, -1835.009721509181, 1564.1328578265384, 5213.12255859375, -1749.928234695457, 1633.8288215622306, 5212.804870605469]]}, "mtl": {"idx": 0}}, {"geom": {"lines": [[-1880.9846712071449, 1114.5250063659623, 5178.476257324219, -1874.5949324350804, 1122.2074216008186, 5182.254638671875, -1851.7633048733696, 1149.6551561392844, 5196.298370361328]]},