{"type": "block", "layer": 1, "block": 110, "features": [{"geom": {"polygons": [[[[2487.5706337904558, -157.31755951140076], [2500.595014212653, -157.097573033534], [2500.9067087871954, -177.07965360488743], [2487.882328364067, -177.28130737505853], [2487.5706337904558, -157.31755951140076]]]], "centroids": [[2494.2396666985005, -167.19397070910782, 3694.225387573242]], "h": 60.0}, "mtl": {"idx": 0}}, {"geom": {"polygons": [[[[2710.8552684234455, -184.24752543214709], [2729.022609320469, -186.04407542571425], [2727.6311156861484, -200.10481504537165], [2709.4637747881934, -198.3082682006061], [2710.8552684234455, -184.24752543214709]]]], "centroids": [[2719.2431917199865, -192.1761709721759, 3778.491439819336]], "h": 60.0}, "mtl": {"idx": 0}}, {"geom": {"polygons": [[[[3428.966171581298, -1723.6151187149808], [3428.7880603959784, -1699.6962209064513], [3443.2929900474846, -1699.5862487982959], [3443.281858097762, -1698.1016251863912], [3450.0278192395344, -1698.0466391211376], [3450.0500831380486, -1700.7226271806285], [3460.9148654397577, -1700.6493124496192], [3460.8926015412435, -1697.1302046487108], [3467.616298784502, -1697.075218576938], [3467.6274307342246, -1698.9080874295905], [3481.6314226752147, -1698.816443996504], [3481.7427421677858, -1714.8173714829609], [3486.0842023072764, -1714.7807141840458], [3486.173257900402, -1727.3541583679616], [3438.784550669603, -1727.7024021688849], [3438.7511548232287, -1723.5418041944504], [3428.966171581298, -1723.6151187149808]]]], "centroids": [[3457.04017802421, -1713.2791595980525, 3187.9335021972656]], "h": 60.0}, "mtl": {"idx": 0}}], "featureCount": 3, "startIndex": 5500}