{"type": "block", "layer": 1, "block": 67, "features": [{"geom": {"polygons": [[[[-58.00555802695453, -3496.531027654186], [-76.03931553568691, -3507.635717446916], [-82.2732070190832, -3497.37395844236], [-84.51072878483683, -3498.8032756606117], [-95.04155261348933, -3482.6959553575143], [-91.35687746852636, -3480.2404565913603], [-100.90808977838606, -3466.2587590059265], [-104.81540390476584, -3468.64096346125], [-124.6859330125153, -3439.724618533626], [-122.01426523271948, -3438.4052390940487], [-128.548719342798, -3428.693133775145], [-109.27931548655033, -3417.2401642957702], [-103.67994509916753, -3425.852798868902], [-101.59827062115073, -3424.7349893711507], [-85.46807640511543, -3449.436710510403], [-87.16013266518712, -3450.572841256857], [-83.94299938157201, -3455.2822847338393], [-80.71473414823413, -3459.9734007827938], [-77.3640174753964, -3457.8660638350993], [-65.60867924802005, -3476.7404533205554], [-68.84807643014938, -3478.9394084326923], [-58.00555802695453, -3496.531027654186]]]], "centroids": [[-93.00177661143243, -3461.5820505693555, 4637.5762939453125]], "h": 60.0}, "mtl": {"idx": 0}}, {"geom": {"polygons": [[[[-239.72349479794502, -2826.0065289791673], [-227.09986454155296, -2836.4157547634095], [-232.93300585914403, -2843.4896223312244], [-271.68332060426474, -2890.4775378257036], [-299.4575335578993, -2924.1422676397488], [-312.07003186363727, -2913.733155583963], [-239.72349479794502, -2826.0065289791673]]]], "centroids": [[-269.58368830475956, -2875.0719403140247, 4906.460266113281]], "h": 60.0}, "mtl": {"idx": 0}}, {"geom": {"polygons": [[[[-395.7600250430405, -2661.2164243301377], [-414.61754678282887, -2646.2803213000298], [-405.34463320020586, -2634.7712560864165], [-351.31015236955136, -2566.5962002733722], [-332.27451944351196, -2581.734044919722], [-386.119757139124, -2649.469135813415], [-353.78144506458193, -2674.704709449783], [-368.0748676825315, -2693.0128210689873], [-400.702610434033, -2667.5573872765526], [-395.7600250430405, -2661.2164243301377]]]], "centroids": [[-374.45828381273896, -2629.9684138204902, 4945.736389160156]], "h": 60.0}, "mtl": {"idx": 0}}, {"geom": {"polygons": [[[[87.52241228707135, -2462.9396836459637], [118.82545309793204, -2457.8814459731802], [123.42294806893915, -2486.3614817634225], [135.7682795971632, -2562.7292644334957], [104.4652387863025, -2567.7874360550195], [87.52241228707135, -2462.9396836459637]]]], "centroids": [[111.6442916765809, -2512.835226821713, 4821.6888427734375]], "h": 60.0}, "mtl": {"idx": 0}}, {"geom": {"polygons": [[[[-353.54767413437366, -2474.9071680586785], [-256.6329254489392, -2548.581028345041], [-270.5478617986664, -2566.8894275594503], [-367.46261048316956, -2493.2157352706417], [-353.54767413437366, -2474.9071680586785]]]], "centroids": [[-312.0478139668703, -2520.898302828893, 4934.327087402344]], "h": 60.0}, "mtl": {"idx": 0}}, {"geom": {"polygons": [[[[-238.9553903117776, -2493.8388489335775], [-220.38729924708605, -2506.3194389203563], [-242.33950283192098, -2538.9594804933295], [-260.9075938956812, -2526.4606144456193], [-238.9553903117776, -2493.8388489335775]]]], "centroids": [[-240.64768387377262, -2516.3962366580963, 4915.540924072266]], "h": 60.0}, "mtl": {"idx": 0}}, {"geom": {"polygons": [[[[-183.91903406381607, -2414.373139618896], [-112.89719893690199, -2467.777994958684], [-129.7621017927304, -2489.2388027990237], [-200.52790208905935, -2436.6588053517044], [-183.91903406381607, -2414.373139618896]]]], "centroids": [[-156.8742988007143, -2451.9163153646514, 4896.902160644531]], "h": 60.0}, "mtl": {"idx": 0}}, {"geom": {"polygons": [[[[-369.3773057246581, -2381.2011048449203], [-352.7350418511778, -2394.066739019938], [-399.9679017942399, -2455.1324024219066], [-416.5990337189287, -2442.266866098158], [-369.3773057246581, -2381.2011048449203]]]], "centroids": [[-384.6680408110842, -2418.1647264147177, 4953.928985595703]], "h": 60.0}, "mtl": {"idx": 0}}, {"geom": {"polygons": [[[[-347.1579353623092, -2337.3991473047063], [-330.8718938603997, -2349.0369292087853], [-273.62027974426746, -2389.9248134577647], [-218.071853838861, -2429.6029063621536], [-231.90886654425412, -2448.974541454576], [-360.9949480686337, -2356.771004862152], [-347.1579353623092, -2337.3991473047063]]]], "centroids": [[-289.53193677868694, -2393.1884553860873, 4929.928436279297]], "h": 60.0}, "mtl": {"idx": 0}}, {"geom": {"polygons": [[[[-69.61618091631681, -2415.61937913578], [-82.70735303405672, -2432.553555784747], [-159.12818346358836, -2373.503707016818], [-146.03701134584844, -2356.5510786399245], [-69.61618091631681, -2415.61937913578]]]], "centroids": [[-114.37639719061553, -2394.5534093296155, 4886.378173828125]], "h": 60.0}, "mtl": {"idx": 0}}, {"geom": {"polygons": [[[[73.58521203976125, -2262.3854490788653], [-46.45059488341212, -2420.622662320733], [-63.43794917780906, -2407.738743627444], [-51.31525663007051, -2391.757524148561], [-23.74141876026988, -2355.414793079719], [-8.858002841472626, -2335.7863510018215], [18.526591893285513, -2299.6816216781735], [56.597857744432986, -2249.482949031517], [73.58521203976125, -2262.3854490788653]]]], "centroids": [[5.080737040378153, -2335.050315390341, 4857.431945800781]], "h": 60.0}, "mtl": {"idx": 0}}, {"geom": {"polygons": [[[[-218.65071519091725, -2330.9113056613132], [-203.8563548643142, -2310.4580756509677], [-188.66124437190592, -2321.4361150823534], [-173.63311311416328, -2332.3041760595515], [-188.427473439835, -2352.7573504177853], [-218.65071519091725, -2330.9113056613132]]]], "centroids": [[-196.14127885736525, -2331.606844065711, 4904.387969970703]], "h": 60.0}, "mtl": {"idx": 0}}, {"geom": {"polygons": [[[[-257.35650213900954, -2310.696330423467], [-245.2115456936881, -2296.694268781692], [-234.2688397495076, -2306.206143158488], [-246.41379619389772, -2320.189860943705], [-257.35650213900954, -2310.696330423467]]]], "centroids": [[-245.81251293234527, -2308.4450914412737, 4914.806671142578]], "h": 60.0}, "mtl": {"idx": 0}}, {"geom": {"polygons": [[[[-96.82266446575522, -2294.1650979761034], [-82.66282523795962, -2306.1145066572353], [-92.00253051519394, -2317.184188402258], [-106.16236974485219, -2305.234796195291], [-96.82266446575522, -2294.1650979761034]]]], "centroids": [[-94.41259806975722, -2305.6746459128335, 4880.370941162109]], "h": 60.0}, "mtl": {"idx": 0}}, {"geom": {"polygons": [[[[-130.43001873698086, -2268.7817091690376], [-116.28131145704538, -2280.73115562927], [-125.62101673427969, -2291.8008723706007], [-139.76972401421517, -2279.8514423863962], [-130.43001873698086, -2268.7817091690376]]]], "centroids": [[-128.0255183139816, -2280.2912934953347, 4887.473602294922]], "h": 60.0}, "mtl": {"idx": 0}}, {"geom": {"polygons": [[[[-322.85689052194357, -2275.8560768589377], [-310.71193407662213, -2261.8722818586975], [-299.7692281315103, -2271.3658701097593], [-311.9141845777631, -2285.3496485752985], [-322.85689052194357, -2275.8560768589377]]]], "centroids": [[-311.3130591837689, -2273.6109679453075, 4927.365417480469]], "h": 60.0}, "mtl": {"idx": 0}}, {"geom": {"polygons": [[[[-64.1837897663936, -2261.2858049971983], [-42.15366253815591, -2261.13918577414], [-23.852738251909614, -2261.029221355915], [-23.730286811478436, -2281.3726131422445], [-64.06133832596242, -2281.6291961334646], [-64.1837897663936, -2261.2858049971983]]]], "centroids": [[-43.95694916881621, -2271.327592022717, 4868.982238769531]], "h": 60.0}, "mtl": {"idx": 0}}, {"geom": {"polygons": [[[[-345.73304587975144, -2257.4003946995363], [-333.58808943443, -2243.4165675556287], [-322.6453834893182, -2252.910177629441], [-334.79033993557096, -2266.8939882386476], [-345.73304587975144, -2257.4003946995363]]]], "centroids": [[-334.1892145425081, -2255.155280626379, 4931.022033691406]], "h": 60.0},